EC3-Nuc-UE2.CC,EC1-InfSinf-UE4.CC,EC1-BioMol-UE7.CC,EC2-Rac-UE4.CC,UE6-PhyHum.CC,UE2-Chim.CC,UE4-Ang.CC,EC1-Fle-UE9.CC,MoyGen-CC.S
0.17910447761194026,0.5483870967741935,0.4615384615384615,0.588235294117647,0.7027764127764127,0.4963503649635037,0.5398230088495575,0.14999999999999997,0.48685754288889416
0.29850746268656714,0.7419354838709677,0.4615384615384615,0.6470588235294117,0.8226044226044229,0.4467153284671532,0.6814159292035398,0.5164630872483222,0.6338178675606441
0.3582089552238806,0.6129032258064515,0.41025641025641024,0.47058823529411764,0.24324324324324334,0.5261313868613139,0.5044247787610618,0.6333333333333333,0.49982213750463744
0.5074626865671642,0.4838709677419355,0.4358974358974359,0.6470588235294117,0.6297297297297297,0.6551824817518248,0.5398230088495575,0.5164630872483222,0.6084159218702436
0.11940298507462686,0.4838709677419355,0.28205128205128205,0.5294117647058824,0.6749385749385755,0.43678832116788324,0.4690265486725664,0.5164630872483222,0.47051139355242866
0.208955223880597,0.4193548387096774,0.358974358974359,0.5294117647058824,0.8248157248157248,0.5162043795620438,0.43362831858407086,0.5164630872483222,0.5113713362791948
0.4776119402985074,0.8064516129032258,0.6666666666666666,0.7647058823529411,0.9115479115479118,0.6353284671532848,0.7876106194690264,0.5164630872483222,0.8085389993401799
0.5970149253731343,0.5483870967741935,0.28205128205128205,0.7058823529411764,0.7599508599508604,0.6948905109489053,0.6106194690265487,0.5164630872483222,0.7093438904477223
0.5074626865671642,0.6129032258064515,0.358974358974359,0.8235294117647058,0.5461916461916463,0.6452554744525546,0.7168141592920354,0.5164630872483222,0.7249529573027811
0.26865671641791045,0.6774193548387096,0.2564102564102564,0.8823529411764706,0.8076167076167082,0.40700729927007295,0.7876106194690264,0.5164630872483222,0.5784418925493695
0.5373134328358209,0.4193548387096774,0.41025641025641024,0.588235294117647,0.9950859950859954,0.3573722627737226,0.4690265486725664,0.5164630872483222,0.6511051423721956
0.5074626865671642,0.4838709677419355,0.5128205128205128,0.47058823529411764,0.9778869778869781,0.6254014598540146,0.43362831858407086,0.5164630872483222,0.7458361381222465
0.3283582089552239,0.4193548387096774,0.3076923076923077,0.5294117647058824,0.842014742014742,0.3375182481751825,0.43362831858407086,0.5164630872483222,0.5714660215096754
0.3283582089552239,0.5483870967741935,0.4615384615384615,0.7647058823529411,0.9464373464373468,0.6353284671532848,0.6460176991150441,0.3,0.6027152578295267
0.26865671641791045,0.6129032258064515,0.5128205128205128,0.588235294117647,0.9950859950859954,0.3672992700729927,0.5752212389380531,0.5164630872483222,0.6599707191145527
0.7462686567164178,0.6129032258064515,0.48717948717948717,0.7058823529411764,0.8864864864864865,0.7147445255474453,0.6460176991150441,0.5164630872483222,0.7531807972487512
0.29850746268656714,0.0967741935483871,0.358974358974359,0.47058823529411764,0.7739557739557744,0.4665693430656934,0.2212389380530973,0.5164630872483222,0.4749412938241323
0.626865671641791,0.6129032258064515,0.4358974358974359,0.8823529411764706,0.712039312039312,0.6750364963503648,0.7522123893805308,0.5164630872483222,0.8361545621974433
0.3582089552238806,0.4193548387096774,0.3076923076923077,0.588235294117647,0.9177641277641277,0.6055474452554747,0.4690265486725664,0.5164630872483222,0.7161686916687218
0.3582089552238806,0.6129032258064515,0.5384615384615384,0.588235294117647,0.9508599508599509,0.5559124087591238,0.5752212389380531,0.5164630872483222,0.7706204748479859
0.7761194029850746,0.9354838709677418,0.5128205128205128,1.0,0.918918918918919,0.8884671532846717,1.0,0.5164630872483222,1.0
0.4776119402985074,0.4838709677419355,0.3846153846153846,0.47058823529411764,0.85995085995086,0.4467153284671532,0.43362831858407086,0.39999999999999997,0.5353874879137972
0.5074626865671642,0.8064516129032258,0.6153846153846154,0.8823529411764706,0.993857493857494,0.7544525547445258,0.8584070796460177,0.9166666666666667,0.9616843198661493
0.4477611940298507,0.4838709677419355,0.41025641025641024,0.7058823529411764,0.8587223587223586,0.6055474452554747,0.5752212389380531,0.5164630872483222,0.6521861802218503
0.11940298507462686,0.4193548387096774,0.4615384615384615,0.6470588235294117,1.0,0.3176642335766423,0.5044247787610618,0.8666666666666667,0.7498829332328174
0.626865671641791,0.6129032258064515,0.20512820512820512,0.8823529411764706,0.4798525798525799,0.5757664233576644,0.7522123893805308,0.2,0.5826674042428404
0.6865671641791045,0.6664516129032257,0.6538461538461539,0.6894117647058824,0.7186732186732187,0.6055474452554747,0.6654867256637169,0.5164630872483222,0.669927997458472
0.626865671641791,0.7709677419354838,0.5384615384615384,0.7929411764705883,0.5915233415233416,0.5658394160583942,0.7851327433628319,0.5164630872483222,0.6852038220664127
0.7761194029850746,0.7129032258064516,0.6666666666666666,0.828235294117647,0.5362407862407864,0.5559124087591238,0.774513274336283,0.6333333333333333,0.6965029558587319
0.6865671641791045,0.5516129032258065,0.5,0.5905882352941175,0.646805896805897,0.5956204379562043,0.543008849557522,0.5164630872483222,0.5759936728405344
0.8656716417910447,0.7225806451612903,0.6923076923076923,0.7223529411764705,0.8237100737100741,0.8437956204379564,0.7161061946902654,0.39999999999999997,0.7106324271365823
0.835820895522388,0.8,0.5128205128205128,0.8541176470588234,0.6578624078624082,0.8437956204379564,0.8378761061946902,0.5164630872483222,0.7797179881943372
0.8955223880597015,0.667741935483871,0.7564102564102564,0.7905882352941176,0.7518427518427518,0.684963503649635,0.7270796460176991,0.5164630872483222,0.7224536404493882
0.7761194029850746,0.6664516129032257,0.5769230769230769,0.6447058823529412,0.6302211302211304,0.8140145985401461,0.6385840707964601,0.36666666666666664,0.6096466965696041
0.8955223880597015,0.5309677419354839,0.8076923076923077,0.5988235294117646,0.6965601965601967,0.7246715328467155,0.5366371681415929,0.5164630872483222,0.6836842374195491
0.835820895522388,0.5470967741935484,0.6666666666666666,0.6094117647058823,0.46990171990172,0.7445255474452555,0.551858407079646,0.5164630872483222,0.609984382046685
0.6865671641791045,0.7161290322580645,0.7692307692307692,0.808235294117647,0.7518427518427518,0.6353284671532848,0.7642477876106195,0.5164630872483222,0.6576713476094311
0.7164179104477612,0.6483870967741936,0.6538461538461539,0.7776470588235294,0.6357493857493858,0.6750364963503648,0.7086725663716813,0.7333333333333334,0.763186951122248
0.5970149253731343,0.6290322580645161,0.5128205128205128,0.7105882352941176,0.5307125307125309,0.6154744525547443,0.6576991150442477,0.5164630872483222,0.6026263932302944
0.8955223880597015,0.5483870967741935,0.5128205128205128,0.591764705882353,0.5472972972972975,0.7147445255474453,0.5419469026548671,0.5164630872483222,0.5780131208580765
0.6567164179104478,0.6825806451612902,0.717948717948718,0.7341176470588235,0.7463144963144965,0.8636496350364964,0.7012389380530972,0.5164630872483222,0.7979530039566956
0.7164179104477612,0.7,0.5512820512820512,0.8047058823529412,0.5362407862407864,0.6750364963503648,0.7532743362831857,0.5164630872483222,0.6538124023877911
0.7462686567164178,0.7374193548387096,0.717948717948718,0.74,0.6412776412776416,0.5757664233576644,0.7348672566371681,0.5164630872483222,0.6659890740975238
0.6865671641791045,0.6116129032258064,0.5512820512820512,0.7529411764705882,0.7573710073710078,0.6551824817518248,0.6736283185840708,0.5164630872483222,0.6103242891387459
0.5671641791044776,0.732258064516129,0.6666666666666666,0.8164705882352942,0.7739557739557744,0.6551824817518248,0.7780530973451327,0.5164630872483222,0.8155681891394126
0.5970149253731343,0.5019354838709676,0.8333333333333333,0.5858823529411765,0.5362407862407864,0.5658394160583942,0.5129203539823008,0.5164630872483222,0.5816921152662713
0.8955223880597015,0.5838709677419355,0.6153846153846154,0.7235294117647059,0.8845208845208846,0.8140145985401461,0.6407079646017699,0.6000000000000001,0.7622805322100845
0.4776119402985074,0.5161290322580645,0.5512820512820512,0.6870588235294117,0.49201474201474216,0.4864233576642335,0.5815929203539822,0.5164630872483222,0.5295463684370716
0.3880597014925373,0.6903225806451612,0.5897435897435898,0.7517647058823529,0.8237100737100741,0.6154744525547443,0.7161061946902654,0.5164630872483222,0.7264925364844717
0.7462686567164178,0.5806451612903225,0.5384615384615384,0.6329411764705882,0.6357493857493858,0.6154744525547443,0.5844247787610619,0.3333333333333333,0.5503917818018627
0.6567164179104478,0.45741935483870966,0.5128205128205128,0.6974509803921569,0.6855036855036855,0.9132846715328464,0.5556342182890852,0.6333333333333333,0.6281660790495038
0.5373134328358209,0.48021505376344065,0.5384615384615384,0.7339215686274512,0.6523341523341524,0.5658394160583942,0.5900884955752213,0.1333333333333333,0.5070969490561467
0.6567164179104478,0.4703225806451612,0.5641025641025641,0.658235294117647,0.624692874692875,0.8338686131386861,0.5391150442477877,0.7,0.6318983922172381
0.2388059701492537,0.4279569892473115,0.358974358974359,0.6235294117647058,0.5085995085995086,0.2978102189781022,0.4949852507374634,0.1333333333333333,0.395483012421049
0.7164179104477612,0.5326881720430109,0.5128205128205128,0.7209803921568628,0.6633906633906635,0.665109489051095,0.6110914454277288,0.6833333333333333,0.6014178346807428
0.5970149253731343,0.5541935483870967,0.5384615384615384,0.7327450980392158,0.29852579852579864,0.784233576642336,0.629970501474926,0.39999999999999997,0.5780464450827882
0.7164179104477612,0.5124731182795697,0.6666666666666666,0.7437254901960783,0.7573710073710078,0.7941605839416056,0.613687315634218,0.9666666666666668,0.7949116130479887
0.4776119402985074,0.4780645161290322,0.5128205128205128,0.7378431372549017,0.3980343980343981,0.5062773722627737,0.5912684365781713,0.5333333333333332,0.4806863901644659
0.7462686567164178,0.44946236559139807,0.358974358974359,0.6549019607843134,0.7518427518427518,0.6750364963503648,0.5256637168141594,0.6666666666666667,0.5834849585557715
0.29850746268656714,0.35913978494623655,0.41025641025641024,0.572549019607843,0.7131449631449633,0.6551824817518248,0.4265486725663717,0.6000000000000001,0.588283646914288
0.7164179104477612,0.4746236559139786,0.5128205128205128,0.6994117647058824,0.4643734643734645,0.8537226277372261,0.5662536873156339,0.5666666666666667,0.6055944708446359
0.7462686567164178,0.5425806451612903,0.41025641025641024,0.7966666666666664,0.6025798525798526,0.6551824817518248,0.6620648967551626,0.5666666666666667,0.6209147277521923
0.059701492537313425,0.3763440860215054,0.4358974358974359,0.6235294117647058,0.5417690417690418,0.42686131386861315,0.46666666666666695,0.3333333333333333,0.4446784545557546
0.17910447761194026,0.3554838709677419,0.4615384615384615,0.5907843137254899,0.5859950859950862,0.27795620437956203,0.4355162241887908,0.5666666666666667,0.36018599360619197
0.3582089552238806,0.43505376344086,0.5128205128205128,0.6398039215686276,0.702088452088452,0.5062773722627737,0.5086725663716816,0.39999999999999997,0.5311614825281086
0.29850746268656714,0.36989247311827944,0.358974358974359,0.5509803921568629,0.6578624078624082,0.5757664233576644,0.41946902654867263,0.4666666666666666,0.502440444056402
0.3582089552238806,0.412258064516129,0.3333333333333333,0.6033333333333335,0.6523341523341524,0.4566423357664233,0.4742182890855456,0.6666666666666667,0.5205332764599896
0.3582089552238806,0.4838709677419355,0.358974358974359,0.688235294117647,0.5694103194103196,0.5559124087591238,0.5646017699115045,0.3333333333333333,0.5493609524507743
0.17910447761194026,0.6165591397849464,0.5384615384615384,0.8484313725490192,0.6855036855036855,0.3772262773722628,0.7338053097345132,0.1333333333333333,0.4452827338305305
0.059701492537313425,0.4279569892473115,0.4615384615384615,0.6745098039215688,0.702088452088452,0.41693430656934305,0.5256637168141594,0.2,0.4414082373040257
0.3582089552238806,0.5520430107526884,0.6153846153846154,0.7896078431372546,0.6523341523341524,0.4566423357664233,0.6630088495575222,0.3333333333333333,0.5823474916856062
0.2388059701492537,0.40215053763440856,0.4615384615384615,0.6196078431372547,0.574938574938575,0.41693430656934305,0.47846607669616487,0.26666666666666666,0.41748588719083424
0.059701492537313425,0.4660215053763438,0.41025641025641024,0.6484313725490194,0.5141277641277643,0.41693430656934305,0.5308554572271384,0.3,0.3127322976164292
0.417910447761194,0.5404301075268819,0.6153846153846154,0.6770588235294117,0.6081081081081084,0.7445255474452555,0.5889085545722712,0.6333333333333333,0.6733448412989331
0.4776119402985074,0.410752688172043,0.4615384615384615,0.6686274509803923,0.7242014742014746,0.7246715328467155,0.5126843657817113,0.6666666666666667,0.6425265982853572
0.4776119402985074,0.5081720430107529,0.3076923076923077,0.7182352941176471,0.646805896805897,0.4963503649635037,0.5959882005899702,0.1333333333333333,0.4886486582556323
0.29850746268656714,0.4488172043010755,0.5256410256410257,0.6307843137254899,0.646805896805897,0.7147445255474453,0.5107964601769912,0.3333333333333333,0.5782419472010984
0.17910447761194026,0.5382795698924728,0.641025641025641,0.79078431372549,0.6744471744471748,0.536058394160584,0.6561651917404128,0.26666666666666666,0.5185427094371982
0.417910447761194,0.5748387096774193,0.6666666666666666,0.8378431372549017,0.7518427518427518,0.7345985401459852,0.7045427728613565,0.6333333333333333,0.7039142634346609
0.29850746268656714,0.4731182795698923,0.41025641025641024,0.6215686274509805,0.5472972972972975,0.5559124087591238,0.5185840707964602,0.6833333333333333,0.5426961075083923
0.29850746268656714,0.42301075268817223,0.5128205128205128,0.6013725490196076,0.5970515970515973,0.6353284671532848,0.4789380530973452,0.6666666666666667,0.5517425237101861
0.29850746268656714,0.41870967741935483,0.6153846153846154,0.6680392156862747,0.7684275184275184,0.5856934306569341,0.5166961651917401,0.26666666666666666,0.5535198156948204
0.9850746268656717,0.5662365591397852,0.5128205128205128,0.7790196078431371,0.7739557739557744,0.9728467153284669,0.664424778761062,0.6000000000000001,0.8197937008328833
0.17910447761194026,0.4737634408602148,0.6666666666666666,0.6496078431372546,0.790540540540541,0.3672992700729927,0.5358112094395278,0.3,0.4976062098581939
0.3582089552238806,0.43440860215053745,0.5897435897435898,0.6470588235294117,0.6523341523341524,0.5261313868613139,0.5126843657817113,0.4333333333333333,0.49159896295012684
0.2388059701492537,0.46387096774193537,0.48717948717948717,0.6935294117647058,0.5030712530712532,0.4963503649635037,0.5568141592920355,0.1333333333333333,0.4321663189839219
0.17910447761194026,0.5412903225806451,0.41025641025641024,0.6543137254901958,0.5472972972972975,0.38715328467153287,0.5756932153392333,0.5666666666666667,0.47382604310377374
0.17910447761194026,0.36193548387096763,0.358974358974359,0.618235294117647,0.5694103194103196,0.5956204379562043,0.45557522123893807,0.6000000000000001,0.4379958366935257
0.7462686567164178,0.5597849462365593,0.6666666666666666,0.7260784313725488,0.6855036855036855,0.684963503649635,0.6290265486725664,0.49999999999999994,0.6181776980958538
0.5970149253731343,0.48021505376344065,0.6666666666666666,0.66921568627451,0.7242014742014746,0.8338686131386861,0.5511504424778761,0.5666666666666667,0.6548610046587262
0.17910447761194026,0.49247311827956963,0.4615384615384615,0.6960784313725488,0.7628992628992631,0.5757664233576644,0.5740412979351031,0.06666666666666665,0.45697731508943107
0.3582089552238806,0.49096774193548376,0.5128205128205128,0.6927450980392159,0.707616707616708,0.704817518248175,0.5712094395280234,0.55,0.6380655954039227
0.4776119402985074,0.3950537634408602,0.4615384615384615,0.5405882352941176,0.6910319410319414,0.7345985401459852,0.4270206489675518,0.4666666666666666,0.5581407748548726
0.835820895522388,0.447311827956989,0.5897435897435898,0.66078431372549,0.7573710073710078,0.8636496350364964,0.5280235988200588,0.7,0.726023775723524
0.4776119402985074,0.6774193548387096,0.6666666666666666,0.7058823529411764,0.6191646191646192,0.6005839416058393,0.6814159292035398,0.6000000000000001,0.45694176924973806
0.5970149253731343,0.6129032258064515,0.717948717948718,0.7647058823529411,0.7407862407862412,0.8437956204379564,0.6814159292035398,0.23333333333333334,0.539941304932207
0.3880597014925373,0.6774193548387096,0.6666666666666666,0.7647058823529411,0.7628992628992631,0.46160583941605837,0.7168141592920354,0.033333333333333326,0.4598920739442326
0.4477611940298507,0.6774193548387096,0.358974358974359,0.8235294117647058,0.790540540540541,0.704817518248175,0.7522123893805308,0.7333333333333334,0.5500007775652433
0.7761194029850746,0.8709677419354838,0.717948717948718,0.9411764705882353,0.7684275184275184,0.8537226277372261,0.9292035398230087,0.8,0.603124034985993
0.3582089552238806,0.7741935483870968,0.6153846153846154,0.8235294117647058,0.6549877149877149,0.6899270072992699,0.8053097345132743,0.9000000000000001,0.5414342301993011
0.5074626865671642,0.7096774193548386,0.7692307692307692,0.7647058823529411,0.6302211302211304,0.5162043795620438,0.7345132743362832,0.3,0.46540167909660235
0.26865671641791045,0.5161290322580645,0.6153846153846154,0.588235294117647,0.6136363636363638,0.4665693430656934,0.5221238938053097,0.06666666666666665,0.35705795971323384
0.3283582089552239,0.7741935483870968,0.3333333333333333,0.676470588235294,0.7684275184275184,0.6353284671532848,0.7168141592920354,0.4666666666666666,0.4334104233731667
0.29850746268656714,0.8064516129032258,0.3076923076923077,0.6470588235294117,0.7655528255528257,0.4516788321167884,0.7168141592920354,0.6333333333333333,0.4450339129526816
0.626865671641791,0.6129032258064515,0.717948717948718,0.7352941176470588,0.8164127764127769,0.6005839416058393,0.663716814159292,0.5666666666666667,0.5802858329834284
0.6865671641791045,0.5806451612903225,0.4615384615384615,0.8529411764705882,0.8292383292383295,0.784233576642336,0.7168141592920354,0.23333333333333334,0.4978194848963501
0.4477611940298507,0.7096774193548386,0.8205128205128205,0.6470588235294117,0.5775921375921377,0.7743065693430656,0.663716814159292,0.3,0.45367155199800924
0.3880597014925373,0.4838709677419355,0.6666666666666666,0.588235294117647,0.8347665847665848,0.6452554744525546,0.5044247787610618,0.5666666666666667,0.4443229961588274
0.5970149253731343,0.6774193548387096,0.5128205128205128,0.6470588235294117,0.7003194103194107,0.7494890510948903,0.6460176991150441,0.49999999999999994,0.5067059448195271
0.4776119402985074,0.6451612903225806,0.5128205128205128,0.588235294117647,0.7407862407862412,0.6005839416058393,0.5929203539823009,0.26666666666666666,0.40923925238212644
0.7462686567164178,0.7419354838709677,0.28205128205128205,0.7058823529411764,0.7352579852579852,0.8785401459854014,0.7168141592920354,0.8,0.508127778407235
0.6567164179104478,0.9354838709677418,0.7692307692307692,0.9117647058823528,0.6439312039312044,0.7891970802919708,0.9469026548672566,0.36666666666666664,0.6530481668343981
0.8955223880597015,0.5483870967741935,0.6153846153846154,0.7058823529411764,0.5085995085995086,0.6800000000000002,0.6106194690265487,0.5333333333333332,0.5790772744338766
0.7462686567164178,1.0,0.6153846153846154,0.8823529411764706,0.7463144963144965,0.8239416058394159,0.9646017699115044,0.7,0.7584060356835796
0.4477611940298507,0.5161290322580645,0.5897435897435898,0.6470588235294117,0.5665356265356266,0.4665693430656934,0.5575221238938053,0.26666666666666666,0.41809016646561026
0.4776119402985074,0.6774193548387096,0.8461538461538461,0.6470588235294117,0.8042506142506143,0.6551824817518248,0.6460176991150441,0.26666666666666666,0.5634726508087788
0.4477611940298507,0.7419354838709677,0.6153846153846154,0.7058823529411764,0.6992137592137594,0.5410218978102188,0.7168141592920354,0.26666666666666666,0.48900411665255916
0.4477611940298507,0.5483870967741935,0.20512820512820512,0.7058823529411764,0.6538820638820643,0.4665693430656934,0.6106194690265487,0.36666666666666664,0.35019761265254157
0.5074626865671642,0.5806451612903225,0.5384615384615384,0.7058823529411764,0.6965601965601967,0.65021897810219,0.6283185840707965,0.36666666666666664,0.5749895028692158
0.5970149253731343,0.9354838709677418,0.5641025641025641,0.8823529411764706,0.6191646191646192,0.7643795620437954,0.9292035398230087,0.49999999999999994,0.539088204779582
0.6865671641791045,0.5483870967741935,0.8974358974358974,0.676470588235294,0.7710810810810811,0.8487591240875912,0.5929203539823009,0.4666666666666666,0.6362527575795947
0.5373134328358209,0.5483870967741935,0.5128205128205128,0.7647058823529411,0.8126535626535629,0.5856934306569341,0.6460176991150441,0.7333333333333334,0.48857756657624696
0.4477611940298507,0.7419354838709677,0.7692307692307692,0.7647058823529411,0.6759950859950862,0.6402919708029197,0.7522123893805308,0.5333333333333332,0.6247892242786963
0.5373134328358209,0.9354838709677418,0.41025641025641024,0.8823529411764706,0.7323832923832926,0.684963503649635,0.9292035398230087,0.49999999999999994,0.5971701068374644
0.4477611940298507,0.6129032258064515,0.48717948717948717,0.7058823529411764,0.831891891891892,0.5459854014598542,0.6460176991150441,0.09999999999999998,0.47425259318008595
0.29850746268656714,0.4838709677419355,0.5128205128205128,0.588235294117647,0.5444226044226045,0.5211678832116788,0.5044247787610618,0.4666666666666666,0.31767316933371526
0.4776119402985074,0.4838709677419355,0.4358974358974359,0.588235294117647,0.6771007371007376,0.6452554744525546,0.5044247787610618,0.49999999999999994,0.4213603837173392
0.3880597014925373,0.5483870967741935,0.6153846153846154,0.6470588235294117,0.7379115479115479,0.4963503649635037,0.5752212389380531,0.39999999999999997,0.4805086609660023
0.5074626865671642,1.0,0.5641025641025641,0.9411764705882353,0.7131449631449633,0.6402919708029197,1.0,0.39999999999999997,0.57872181603695
0.3283582089552239,0.7419354838709677,0.717948717948718,0.6470588235294117,0.6162899262899264,0.665109489051095,0.6814159292035398,0.23333333333333334,0.4456381922274577
0.3283582089552239,0.7419354838709677,0.5641025641025641,0.8235294117647058,0.548845208845209,0.5410218978102188,0.7876106194690264,0.5666666666666667,0.42352867993859433
0.5373134328358209,0.7741935483870968,0.641025641025641,0.7647058823529411,0.7407862407862412,0.7544525547445258,0.7699115044247786,0.8333333333333333,0.606980758592651
0.626865671641791,0.6129032258064515,0.6923076923076923,0.5294117647058824,0.7131449631449633,0.704817518248175,0.5398230088495575,0.6666666666666667,0.5275358068794525
0.3880597014925373,0.6129032258064515,0.5128205128205128,0.7647058823529411,0.6552088452088456,0.4764963503649635,0.6814159292035398,0.3,0.42210684635088613
0.6567164179104478,0.5483870967741935,0.6666666666666666,0.7352941176470588,0.8126535626535629,0.5559124087591238,0.6283185840707965,0.36666666666666664,0.5645745718392527
0.4776119402985074,0.967741935483871,0.6153846153846154,0.8823529411764706,0.7186732186732187,0.6899270072992699,0.9469026548672566,0.39999999999999997,0.5936155228681934
0.3880597014925373,0.6129032258064515,0.6666666666666666,0.7647058823529411,0.646805896805897,0.5807299270072993,0.6814159292035398,0.033333333333333326,0.3453278326146406
0.7462686567164178,0.7419354838709677,0.6153846153846154,0.7352941176470588,0.6384029484029483,0.5956204379562043,0.7345132743362832,0.06666666666666665,0.47489241829455475
0.8059701492537313,0.6129032258064515,0.5384615384615384,0.7058823529411764,0.660515970515971,0.7296350364963503,0.6460176991150441,0.6333333333333333,0.5432115221839364
0.5671641791044776,1.0,0.5641025641025641,0.8823529411764706,0.7821375921375923,0.7792700729927006,0.9646017699115044,0.8,0.7196966162582219
0.8656716417910447,0.7419354838709677,0.6923076923076923,0.8823529411764706,0.7058476658476661,0.7643795620437954,0.8230088495575221,0.26666666666666666,0.5729633900067315
0.7462686567164178,0.8387096774193548,0.2564102564102564,0.7647058823529411,0.5970515970515973,0.6998540145985401,0.8053097345132743,0.6333333333333333,0.5434425701419383
0.7014925373134329,0.5483870967741935,0.15384615384615385,0.5294117647058824,0.6523341523341524,0.6668613138686132,0.5044247787610618,0.7,0.5269608006491292
0.6119402985074627,0.9354838709677418,0.7692307692307692,0.588235294117647,0.6025798525798526,0.6478832116788323,0.7522123893805308,0.5333333333333332,0.7279516147939167
0.6716417910447761,0.8709677419354838,0.358974358974359,0.47058823529411764,0.7518427518427518,0.7290510948905108,0.6460176991150441,0.4666666666666666,0.6921506814281215
0.8507462686567164,1.0,0.4230769230769231,0.6470588235294117,0.8705896805896806,0.8040875912408759,0.8230088495575221,0.8,0.7748815323811482
0.5970149253731343,0.6129032258064515,0.41025641025641024,0.588235294117647,0.5362407862407864,0.5722627737226276,0.5752212389380531,0.4333333333333333,0.42382559224661587
0.5223880597014925,0.8709677419354838,0.8717948717948718,0.6470588235294117,0.7242014742014746,0.7081751824817517,0.7522123893805308,0.3333333333333333,0.7589005410416574
0.6119402985074627,0.8709677419354838,0.5641025641025641,0.5294117647058824,0.5831203931203932,0.7705109489051093,0.6814159292035398,1.0,0.8694115111804079
0.8656716417910447,0.9354838709677418,0.717948717948718,0.5294117647058824,0.8568796068796073,0.7715328467153284,0.7168141592920354,0.6333333333333333,0.811725840688512
0.7313432835820896,0.9354838709677418,0.8717948717948718,0.5294117647058824,0.7573710073710078,0.7753284671532847,0.7168141592920354,0.5333333333333332,0.8218605868644269
0.6417910447761194,0.8709677419354838,0.4358974358974359,0.588235294117647,0.7407862407862412,0.7947445255474451,0.7168141592920354,0.6000000000000001,0.7666861254002333
0.5373134328358209,0.9354838709677418,0.4358974358974359,0.588235294117647,0.5694103194103196,0.7122627737226276,0.7522123893805308,0.26666666666666666,0.6207192256338823
0.7910447761194029,0.8709677419354838,0.7435897435897436,0.6470588235294117,0.6965601965601967,0.777226277372263,0.7522123893805308,0.6000000000000001,0.8115366113654423
0.7014925373134329,0.8709677419354838,0.6153846153846154,0.47058823529411764,0.9066339066339071,0.7364963503649634,0.6460176991150441,0.3,0.7678100012140472
0.7462686567164178,0.9354838709677418,0.6153846153846154,0.588235294117647,0.8126535626535629,0.7001459854014596,0.7522123893805308,0.49999999999999994,0.7861840639375564
0.6119402985074627,0.8709677419354838,0.8461538461538461,0.588235294117647,0.7131449631449633,0.7237956204379559,0.7168141592920354,0.0,0.7246583972929754
0.7611940298507462,0.8709677419354838,0.2692307692307692,0.5294117647058824,0.5085995085995086,0.8702189781021898,0.6814159292035398,0.4333333333333333,0.673436842295785
0.5970149253731343,0.8064516129032258,0.6282051282051282,0.5294117647058824,0.7463144963144965,0.6294890510948904,0.6460176991150441,0.4666666666666666,0.6562326558845153
0.7014925373134329,1.0,1.0,0.7647058823529411,0.702088452088452,0.7864233576642335,0.8938053097345133,0.6000000000000001,0.8519992770603482
0.582089552238806,0.9354838709677418,0.6666666666666666,0.588235294117647,0.624692874692875,0.7138686131386862,0.7522123893805308,0.6000000000000001,0.6908898495849038
0.8507462686567164,0.7419354838709677,0.7307692307692307,0.588235294117647,0.9011056511056512,0.8813138686131387,0.6460176991150441,0.5333333333333332,0.722521465047919
0.582089552238806,0.9354838709677418,0.47435897435897434,0.588235294117647,0.6689189189189189,0.5991240875912406,0.7522123893805308,0.39999999999999997,0.5372095026052353
0.6716417910447761,0.9354838709677418,0.6025641025641025,0.6470588235294117,0.8015970515970516,0.7782481751824821,0.7876106194690264,0.4333333333333333,0.7487856587173363
0.4626865671641791,0.5483870967741935,0.3846153846153846,0.4117647058823529,0.6910319410319414,0.447007299270073,0.43362831858407086,0.033333333333333326,0.48848765651114123
0.8208955223880596,0.8709677419354838,0.3846153846153846,0.588235294117647,0.7407862407862412,0.8081751824817517,0.7168141592920354,0.5666666666666667,0.6956529921037264
0.9850746268656717,0.9354838709677418,0.8974358974358974,0.5294117647058824,0.9066339066339071,0.9999999999999999,0.7168141592920354,0.5666666666666667,0.8872868866823453
0.7164179104477612,1.0,0.6923076923076923,0.7058823529411764,0.7794840294840297,0.744087591240876,0.8584070796460177,0.26666666666666666,0.7066795206695788
0.5373134328358209,0.6774193548387096,0.2564102564102564,0.4117647058823529,0.5915233415233416,0.6925547445255477,0.5044247787610618,0.7,0.6322977601808442
0.835820895522388,0.9354838709677418,0.7051282051282051,0.7058823529411764,0.8789926289926292,0.7430656934306569,0.8230088495575221,0.6666666666666667,0.8094195429719797
0.6567164179104478,0.8709677419354838,0.4358974358974359,0.588235294117647,0.4643734643734645,0.6642335766423355,0.7168141592920354,0.35000000000000003,0.5962490514030736
0.8059701492537313,0.8709677419354838,0.6923076923076923,0.5294117647058824,0.6302211302211304,0.838832116788321,0.6814159292035398,0.4666666666666666,0.7710248087744902
0.7761194029850746,0.9354838709677418,0.8717948717948718,0.6470588235294117,0.8955773955773958,0.8105109489051093,0.7876106194690264,0.16666666666666663,0.8687528676802196
0.6567164179104478,0.8064516129032258,0.5641025641025641,0.7058823529411764,0.46990171990172,0.7378102189781025,0.7522123893805308,0.26666666666666666,0.6457319966529407
0.7761194029850746,0.9354838709677418,0.23076923076923075,0.6470588235294117,0.6412776412776416,0.7820437956204377,0.7876106194690264,0.7,0.6801508241342133
0.7164179104477612,0.9354838709677418,0.6153846153846154,0.5294117647058824,0.646805896805897,0.7872992700729926,0.7168141592920354,0.5333333333333332,0.7621184849997209
0.5223880597014925,0.9354838709677418,0.6923076923076923,0.7058823529411764,0.7684275184275184,0.7462773722627736,0.8230088495575221,0.39999999999999997,0.8753100296376499
0.5074626865671642,0.8709677419354838,0.3717948717948718,0.6470588235294117,0.4643734643734645,0.5801459854014598,0.7522123893805308,0.6000000000000001,0.6423865058583325
0.6417910447761194,0.9354838709677418,0.7564102564102564,0.6470588235294117,0.6855036855036855,0.8401459854014596,0.7876106194690264,0.7666666666666666,0.8984963717760279
0.7761194029850746,0.8709677419354838,0.641025641025641,0.588235294117647,0.6799754299754301,0.792846715328467,0.7168141592920354,0.5333333333333332,0.7857721503834696
0.5522388059701492,0.9354838709677418,0.6538461538461539,0.588235294117647,0.7407862407862412,0.5462773722627737,0.7522123893805308,0.4333333333333333,0.6683140595165427
0.5373134328358209,1.0,0.358974358974359,0.6470588235294117,0.8126535626535629,0.6867153284671532,0.8230088495575221,0.39999999999999997,0.8135491331715736
0.626865671641791,1.0,0.7435897435897436,0.588235294117647,0.790540540540541,0.8080291970802923,0.7876106194690264,0.5666666666666667,0.7776666534676593
0.5522388059701492,0.8064516129032258,0.6153846153846154,0.6470588235294117,0.5859950859950862,0.7439416058394159,0.7168141592920354,0.39999999999999997,0.7188100611976513
0.6567164179104478,0.6129032258064515,0.3205128205128205,0.47058823529411764,0.6744471744471748,0.7835036496350364,0.5044247787610618,0.6000000000000001,0.6487053015966482
0.6417910447761194,0.8709677419354838,0.717948717948718,0.588235294117647,0.6799754299754301,0.6077372262773723,0.7168141592920354,0.3333333333333333,0.6882040477563576
0.7164179104477612,0.8064516129032258,0.47435897435897434,0.588235294117647,0.7242014742014746,0.7185401459854016,0.6814159292035398,0.3333333333333333,0.6145739772305367
0.626865671641791,0.7419354838709677,0.3333333333333333,0.47058823529411764,0.624692874692875,0.631824817518248,0.5752212389380531,0.49999999999999994,0.6051093746794174
0.4925373134328358,0.9354838709677418,0.5897435897435898,0.7058823529411764,0.7739557739557744,0.704963503649635,0.8230088495575221,0.5333333333333332,0.743502919659476
0.4776119402985074,0.7419354838709677,0.5641025641025641,0.5294117647058824,0.4256756756756759,0.5562043795620439,0.6106194690265487,0.3,0.6221044679160246
0.17910447761194026,0.6451612903225806,0.7692307692307692,0.47058823529411764,0.6633906633906635,0.3474452554744526,0.5221238938053097,0.4666666666666666,0.5345205643790694
0.3582089552238806,0.7741935483870968,0.7307692307692307,0.7058823529411764,0.574938574938575,0.5013138686131386,0.7345132743362832,0.55,0.6824801220999592
0.26865671641791045,0.9032258064516128,0.8076923076923077,0.8235294117647058,0.8181818181818182,0.5956204379562043,0.8761061946902655,0.7166666666666666,0.8459909846864075
0.2388059701492537,0.6774193548387096,0.5641025641025641,0.7058823529411764,0.6523341523341524,0.46160583941605837,0.6814159292035398,0.45,0.6482672513957297
0.11940298507462686,0.9354838709677418,0.8333333333333333,0.7647058823529411,0.4975429975429977,0.34248175182481755,0.8584070796460177,0.75,0.7437966955698774
0.5373134328358209,0.8709677419354838,0.7435897435897436,0.588235294117647,0.6081081081081084,0.65021897810219,0.7168141592920354,0.6000000000000001,0.6273840705762641
0.4477611940298507,0.8709677419354838,0.6153846153846154,0.7058823529411764,0.574938574938575,0.5459854014598542,0.7876106194690264,0.45,0.6758152771575763
0.3582089552238806,0.8064516129032258,0.8076923076923077,0.7058823529411764,0.6744471744471748,0.43678832116788324,0.7522123893805308,0.5666666666666667,0.6895892900385001
0.2388059701492537,0.8064516129032258,0.6666666666666666,0.7058823529411764,0.4643734643734645,0.4764963503649635,0.7522123893805308,0.2833333333333333,0.5753982800256818
0.11940298507462686,0.8387096774193548,0.7307692307692307,0.588235294117647,0.6633906633906635,0.22335766423357664,0.6991150442477876,0.39999999999999997,0.5940598458643522
0.3880597014925373,0.6129032258064515,0.641025641025641,0.7058823529411764,0.5307125307125309,0.536058394160584,0.6460176991150441,0.6000000000000001,0.5598469751601227
0.11940298507462686,0.7419354838709677,0.7435897435897436,0.7647058823529411,0.7407862407862412,0.3275912408759124,0.7522123893805308,0.4333333333333333,0.5500718692446287
0.2388059701492537,0.7096774193548386,0.8461538461538461,0.7058823529411764,0.6412776412776416,0.4467153284671532,0.6991150442477876,0.6666666666666667,0.7011416879386294
0.5373134328358209,0.6774193548387096,0.717948717948718,0.588235294117647,0.6633906633906635,0.6204379562043797,0.6106194690265487,0.6499999999999999,0.7513501865045773
0.5074626865671642,0.8709677419354838,0.8974358974358974,0.7058823529411764,0.6855036855036855,0.67007299270073,0.7876106194690264,0.36666666666666664,0.7669014913701364
0.29850746268656714,0.8064516129032258,0.7948717948717948,0.5294117647058824,0.29852579852579864,0.5410218978102188,0.6460176991150441,0.4166666666666667,0.7024746569271061
0.208955223880597,0.8387096774193548,0.8461538461538461,0.7647058823529411,0.42014742014742024,0.47153284671532847,0.8053097345132743,0.6166666666666667,0.6073895357491172
0.11940298507462686,0.8709677419354838,0.8205128205128205,0.7058823529411764,0.552825552825553,0.19854014598540146,0.7876106194690264,0.75,0.5251897814597343
0.3283582089552239,0.7096774193548386,0.6538461538461539,0.588235294117647,0.7518427518427518,0.2978102189781022,0.6283185840707965,0.39999999999999997,0.538963794340658
0.5373134328358209,0.7419354838709677,0.9358974358974359,0.7058823529411764,0.5196560196560198,0.6105109489051095,0.7168141592920354,0.6499999999999999,0.7375761736236535
0.4477611940298507,0.6774193548387096,0.7692307692307692,0.7647058823529411,0.35380835380835385,0.5211678832116788,0.7168141592920354,0.5333333333333332,0.6833687680922769
0.4776119402985074,0.8709677419354838,0.9102564102564102,0.7647058823529411,0.7297297297297299,0.5807299270072993,0.8230088495575221,0.7666666666666666,0.7513501865045773
0.3880597014925373,0.8064516129032258,0.7051282051282051,0.7058823529411764,0.552825552825553,0.3722627737226277,0.7522123893805308,0.6666666666666667,0.7282453907043183
0.4776119402985074,0.8387096774193548,0.782051282051282,0.6470588235294117,0.5859950859950862,0.4467153284671532,0.7345132743362832,0.39999999999999997,0.5460729622791989
0.3880597014925373,0.8709677419354838,0.9615384615384615,0.47058823529411764,0.785012285012285,0.5261313868613139,0.6460176991150441,0.55,0.7873403491934423
0.17910447761194026,0.8709677419354838,0.5897435897435898,0.7058823529411764,0.4643734643734645,0.16875912408759122,0.7876106194690264,0.39999999999999997,0.4487662261204156
0.08955223880597014,0.8064516129032258,0.6282051282051282,0.588235294117647,0.4643734643734645,0.2382481751824818,0.6814159292035398,0.5333333333333332,0.4705380529321982
0.5373134328358209,0.8709677419354838,0.6794871794871795,0.8823529411764706,0.6081081081081084,0.3275912408759124,0.8938053097345133,0.5333333333333332,0.6615969412804936
0.17910447761194026,0.7419354838709677,0.47435897435897434,0.7647058823529411,0.44226044226044237,0.21343065693430655,0.7522123893805308,0.39999999999999997,0.3812291307042739
0.26865671641791045,0.6774193548387096,0.8205128205128205,0.7058823529411764,0.7628992628992631,0.43678832116788324,0.6814159292035398,0.36666666666666664,0.6033906287836874
0.3283582089552239,0.8387096774193548,0.923076923076923,0.8529411764705882,0.6633906633906635,0.4417518248175182,0.8584070796460177,0.5666666666666667,0.6460456364149354
0.3283582089552239,0.8387096774193548,0.9102564102564102,0.8529411764705882,0.5970515970515973,0.41693430656934305,0.8584070796460177,0.6499999999999999,0.7082508558771705
0.029850746268656705,0.5806451612903225,0.5769230769230769,0.6176470588235293,0.44226044226044237,0.2283211678832117,0.5752212389380531,0.3166666666666666,0.3163579732650851
0.417910447761194,0.6451612903225806,0.7435897435897436,0.676470588235294,0.7186732186732187,0.5410218978102188,0.6460176991150441,0.45,0.6642628792574468
0.208955223880597,0.5806451612903225,0.4358974358974359,0.6176470588235293,0.3095823095823097,0.3275912408759124,0.5752212389380531,0.25,0.3461276140077266
0.417910447761194,0.5161290322580645,0.6025641025641025,0.5588235294117647,0.42014742014742024,0.3077372262773723,0.5044247787610618,0.23333333333333334,0.3447057804200183
0.417910447761194,0.7741935483870968,0.782051282051282,0.7941176470588235,0.6302211302211304,0.570802919708029,0.7876106194690264,0.4333333333333333,0.7024746569271061
0.3582089552238806,0.7419354838709677,0.8717948717948718,0.7647058823529411,0.6855036855036855,0.4467153284671532,0.7522123893805308,0.5166666666666666,0.6251624555954707
0.3880597014925373,0.6774193548387096,0.9615384615384615,0.7058823529411764,0.574938574938575,0.49138686131386855,0.6814159292035398,0.25,0.4798688358515336
0.26865671641791045,0.7741935483870968,0.7307692307692307,0.7941176470588235,0.707616707616708,0.4864233576642335,0.7876106194690264,0.6333333333333333,0.6749266311652586
0.2388059701492537,0.5806451612903225,0.7564102564102564,0.6176470588235293,0.4312039312039313,0.3772262773722628,0.5752212389380531,0.45,0.4549867480666393
0.2388059701492537,0.6774193548387096,0.7692307692307692,0.7058823529411764,0.3759213759213761,0.402043795620438,0.6814159292035398,0.3333333333333333,0.5283000424328452
0.29850746268656714,0.8064516129032258,0.7564102564102564,0.8235294117647058,0.574938574938575,0.3921167883211679,0.8230088495575221,0.5333333333333332,0.5798415099872696
0.17910447761194026,0.6774193548387096,0.7307692307692307,0.7058823529411764,0.6412776412776416,0.272992700729927,0.6814159292035398,0.39999999999999997,0.5522934842254219
0.17910447761194026,0.8709677419354838,0.782051282051282,0.8823529411764706,0.7186732186732187,0.4665693430656934,0.8938053097345133,0.6166666666666667,0.6691504322151944
0.7164179104477612,0.9032258064516128,0.8461538461538461,0.9117647058823528,0.45331695331695343,0.7296350364963503,0.9292035398230087,0.49999999999999994,0.6949211659924064
0.2388059701492537,0.8387096774193548,0.8846153846153846,0.8529411764705882,0.9619164619164622,0.35240875912408764,0.8584070796460177,0.6499999999999999,0.8024473310628426
0.3880597014925373,0.6451612903225806,0.8974358974358974,0.676470588235294,0.5638820638820641,0.5261313868613139,0.6460176991150441,0.5833333333333333,0.7220248687580944
0.6417910447761194,0.7419354838709677,0.4358974358974359,0.7058823529411764,0.624692874692875,0.536058394160584,0.7168141592920354,0.6333333333333333,0.7056026908200641
0.4477611940298507,0.35483870967741926,0.07692307692307693,0.3529411764705882,0.3427518427518429,0.4308321167883211,0.29203539823008856,0.6246666666666665,0.3208189761465198
0.7164179104477612,0.9032258064516128,0.3717948717948718,0.7058823529411764,0.7573710073710078,0.710773722627737,0.8053097345132743,0.6000000000000001,0.7251884484907458
0.5522388059701492,0.8064516129032258,0.1794871794871795,0.7647058823529411,0.5307125307125309,0.3861605839416059,0.7876106194690264,0.6079999999999999,0.46094067621516766
0.3880597014925373,0.7741935483870968,0.20512820512820512,0.676470588235294,0.3980343980343981,0.38814598540145984,0.7168141592920354,0.7546666666666666,0.4259102511980055
0.4776119402985074,0.5483870967741935,0.1282051282051282,0.5294117647058824,0.6633906633906635,0.44969343065693423,0.5044247787610618,0.758,0.615796126836442
0.6865671641791045,0.35483870967741926,0.5128205128205128,0.4411764705882353,0.4975429975429977,0.49436496350364956,0.3451327433628319,0.5666666666666667,0.48646258911453066
0.8059701492537313,0.5483870967741935,0.48717948717948717,0.47058823529411764,0.6081081081081084,0.6432700729927008,0.4690265486725664,0.6833333333333333,0.6557496506510441
0.7014925373134329,0.9032258064516128,0.6666666666666666,0.8235294117647058,0.6744471744471748,0.7137518248175181,0.8761061946902655,0.8886666666666665,0.7255261339678267
0.7761194029850746,0.5483870967741935,0.6153846153846154,0.47058823529411764,0.6965601965601967,0.5132262773722628,0.4690265486725664,0.6666666666666667,0.5960681858069896
0.5970149253731343,0.5483870967741935,0.2564102564102564,0.588235294117647,0.4256756756756759,0.48543065693430654,0.5398230088495575,0.5333333333333332,0.46252246608149306
0.582089552238806,0.22580645161290322,0.3333333333333333,0.3529411764705882,0.6633906633906635,0.4665693430656934,0.2212389380530973,0.5666666666666667,0.5240523145895677
0.5671641791044776,0.6774193548387096,0.3333333333333333,0.4117647058823529,0.40356265356265364,0.44572262773722626,0.5044247787610618,0.4666666666666666,0.387271923452034
0.9999999999999999,0.5806451612903225,0.8205128205128205,0.47058823529411764,0.5970515970515973,0.7296350364963503,0.4867256637168142,0.6666666666666667,0.6204170859964939
0.5522388059701492,0.29032258064516125,0.6153846153846154,0.4117647058823529,0.5694103194103196,0.27100729927007294,0.29203539823008856,0.5166666666666666,0.38117581194473493
0.6567164179104478,0.6129032258064515,0.3846153846153846,0.6470588235294117,0.5196560196560198,0.4963503649635037,0.6106194690265487,0.6746666666666665,0.549058812813386
0.5074626865671642,0.5161290322580645,0.20512820512820512,0.3529411764705882,0.6081081081081084,0.4407591240875912,0.3805309734513274,0.5666666666666667,0.40902597734397017
0.7462686567164178,0.6774193548387096,0.3333333333333333,0.6470588235294117,0.37039312039312045,0.4774890510948906,0.6460176991150441,0.5833333333333333,0.539728029894051
0.6119402985074627,0.8064516129032258,0.2692307692307692,0.7058823529411764,0.4146191646191647,0.4804671532846715,0.7522123893805308,0.75,0.5337741017455222
0.8059701492537313,0.6129032258064515,0.5384615384615384,0.7647058823529411,0.44226044226044237,0.7306277372262775,0.6814159292035398,0.75,0.649209216147586
0.6865671641791045,0.35483870967741926,0.3076923076923077,0.47058823529411764,0.5251842751842752,0.7296350364963503,0.3628318584070796,0.48866666666666664,0.5915360912461698
0.6119402985074627,0.4516129032258064,0.07692307692307693,0.47058823529411764,0.3261670761670763,0.39112408759124084,0.41592920353982304,0.48333333333333334,0.3920172930510103
0.7014925373134329,0.0967741935483871,0.1282051282051282,0.2941176470588235,0.5085995085995086,0.5052846715328466,0.11504424778761063,0.48333333333333334,0.339302812786727
0.6417910447761194,0.6774193548387096,0.28205128205128205,0.5294117647058824,0.4146191646191647,0.6641167883211679,0.5752212389380531,0.5746666666666667,0.5241767250284917
0.5522388059701492,0.4193548387096774,0.358974358974359,0.47058823529411764,0.4312039312039313,0.47848175182481745,0.39823008849557523,0.6166666666666667,0.5132463793229843
0.6716417910447761,0.4193548387096774,0.4358974358974359,0.0,0.19901719901719908,0.35836496350364966,0.11504424778761063,0.6333333333333333,0.30912439488761956
0.7313432835820896,0.6451612903225806,0.28205128205128205,0.47058823529411764,0.5307125307125309,0.57378102189781,0.5221238938053097,0.55,0.49819271621312355
0.7164179104477612,0.6774193548387096,0.5641025641025641,0.5294117647058824,0.6523341523341524,0.67007299270073,0.5752212389380531,0.4666666666666666,0.6811471531114828
0.5970149253731343,0.4193548387096774,0.358974358974359,0.4117647058823529,0.6081081081081084,0.4774890510948906,0.3628318584070796,0.55,0.4393110327621559
0.626865671641791,0.5483870967741935,0.3333333333333333,0.47058823529411764,0.364864864864865,0.44572262773722626,0.4690265486725664,0.6746666666666665,0.4268699888697087
0.5671641791044776,0.7419354838709677,0.41025641025641024,0.7058823529411764,0.8955773955773958,0.3772262773722628,0.7168141592920354,0.7,0.626637607942717
0.5373134328358209,0.6774193548387096,0.3846153846153846,0.6470588235294117,0.5472972972972975,0.40005839416058386,0.6460176991150441,0.7,0.5879281885173604
0.626865671641791,0.9193548387096773,0.47435897435897434,0.7647058823529411,0.5638820638820641,0.5727883211678835,0.8495575221238938,0.6913333333333334,0.7332573541009897
0.5373134328358209,0.35483870967741926,0.34615384615384615,0.47058823529411764,0.5804668304668307,0.5191824817518248,0.3628318584070796,0.6246666666666665,0.48637372451529903
0.5074626865671642,0.7741935483870968,0.6666666666666666,0.5294117647058824,0.6633906633906635,0.4923795620437956,0.6283185840707965,0.5666666666666667,0.6497957225025155
0.4925373134328358,0.29032258064516125,0.1282051282051282,0.3529411764705882,0.40356265356265364,0.2928467153284672,0.25663716814159293,0.4666666666666666,0.2972698573501019
0.5373134328358209,0.5483870967741935,0.41025641025641024,0.5294117647058824,0.43673218673218683,0.37821897810218985,0.5044247787610618,0.6000000000000001,0.4590140917038228
0.5970149253731343,0.6774193548387096,0.28205128205128205,0.6470588235294117,0.5085995085995086,0.4308321167883211,0.6460176991150441,0.6333333333333333,0.553146584378047
0.5970149253731343,0.9032258064516128,0.3846153846153846,0.7647058823529411,0.5085995085995086,0.6115036496350367,0.8407079646017699,0.7,0.7167107657240346
0.6865671641791045,0.7096774193548386,0.5641025641025641,0.8235294117647058,0.3593366093366095,0.4258686131386862,0.7699115044247786,0.5333333333333332,0.6070518502720363
0.5223880597014925,0.9354838709677418,0.5897435897435898,0.7058823529411764,0.7186732186732187,0.3802043795620438,0.8230088495575221,0.7106666666666666,0.6751399062034156
0.4776119402985074,0.5483870967741935,0.3076923076923077,0.5294117647058824,0.44226044226044237,0.38516788321167883,0.5044247787610618,0.49999999999999994,0.3929948036425598
0.3880597014925373,0.5483870967741935,0.3974358974358974,0.47058823529411764,0.6523341523341524,0.3305693430656934,0.4690265486725664,0.5833333333333333,0.5163921861357892
0.6865671641791045,0.35483870967741926,0.48717948717948717,0.4117647058823529,0.5417690417690418,0.5529343065693428,0.3274336283185841,0.5746666666666667,0.4871024142289997
0.5970149253731343,0.6774193548387096,0.8205128205128205,0.6470588235294117,0.6412776412776416,0.547970802919708,0.6460176991150441,0.6913333333333334,0.612988005500718
0.4328358208955224,0.6774193548387096,0.5128205128205128,0.588235294117647,0.5472972972972975,0.42388321167883214,0.6106194690265487,0.7833333333333332,0.5534131781757425
0.7910447761194029,0.4193548387096774,0.2564102564102564,0.4117647058823529,0.5804668304668307,0.5896642335766423,0.3628318584070796,0.5833333333333333,0.5162677756968652
0.626865671641791,0.5483870967741935,0.5384615384615384,0.5294117647058824,0.7352579852579852,0.6462481751824817,0.5044247787610618,0.6000000000000001,0.5911450870095503
0.835820895522388,0.8709677419354838,0.8974358974358974,0.7941176470588235,0.785012285012285,0.9629197080291975,0.8407079646017699,0.6666666666666667,0.9150832105891054
0.5373134328358209,0.8064516129032258,0.5128205128205128,0.5294117647058824,0.707616707616708,0.8239416058394159,0.6460176991150441,0.5333333333333332,0.7646798763893423
0.5373134328358209,0.4516129032258064,0.0,0.38235294117647056,0.574938574938575,0.7345985401459852,0.3628318584070796,0.49999999999999994,0.5770867074110853
0.17910447761194026,0.4516129032258064,0.4358974358974359,0.3529411764705882,0.44226044226044237,0.4566423357664233,0.3451327433628319,0.5333333333333332,0.5048842205352763
0.835820895522388,0.4354838709677419,0.6025641025641025,0.4117647058823529,0.5307125307125309,0.7643795620437954,0.3716814159292035,0.6499999999999999,0.7342437511524624
0.17910447761194026,0.7096774193548386,0.5128205128205128,0.7647058823529411,0.5307125307125309,0.6154744525547443,0.7345132743362832,0.6666666666666667,0.6558799853965842
0.4776119402985074,0.8064516129032258,0.6923076923076923,0.7352941176470588,0.8955773955773958,0.8367049009384777,0.7699115044247786,0.5333333333333332,0.85160849685213
0.4776119402985074,0.4354838709677419,0.48717948717948717,0.5588235294117647,0.7297297297297299,0.6353284671532848,0.46017699115044247,0.5166666666666666,0.5763757906172309
0.29850746268656714,0.5806451612903225,0.48717948717948717,0.22058823529411767,0.6523341523341524,0.6750364963503648,0.336283185840708,0.4666666666666666,0.6065749435894925
0.4776119402985074,0.7096774193548386,0.20512820512820512,0.22058823529411767,0.6910319410319414,0.730344108446298,0.40707964601769914,0.6666666666666667,0.6166251065978472
0.4776119402985074,0.7741935483870968,0.23076923076923075,0.4117647058823529,0.6633906633906635,0.6211470281543275,0.5575221238938053,0.6333333333333333,0.5506431416682613
0.2388059701492537,0.5161290322580645,0.358974358974359,0.3382352941176471,0.5196560196560198,0.643837330552659,0.3716814159292035,0.6000000000000001,0.5844751640900694
0.2388059701492537,0.29032258064516125,0.0,0.4117647058823529,0.5970515970515973,0.4850052137643379,0.29203539823008856,0.49999999999999994,0.3652017654856876
0.17910447761194026,0.6774193548387096,0.02564102564102564,0.48529411764705876,0.4090909090909093,0.5275495307612095,0.5486725663716814,0.5666666666666667,0.5364184583198048
0.5373134328358209,0.4193548387096774,0.48717948717948717,0.32352941176470584,0.33722358722358736,0.5871115745568302,0.30973451327433627,0.6000000000000001,0.5918699682404267
0.4776119402985074,0.9354838709677418,0.3333333333333333,0.5735294117647058,0.38697788697788704,0.3545359749739313,0.7433628318584071,0.7666666666666666,0.5220604780725014
0.11940298507462686,0.6129032258064515,0.641025641025641,0.5294117647058824,0.44226044226044237,0.3460271115745569,0.5398230088495575,0.49999999999999994,0.4906341473013248
0.5970149253731343,0.9032258064516128,0.7435897435897436,0.5294117647058824,0.8292383292383295,0.8764129301355577,0.6991150442477876,0.8,0.9402509345858161
0.0,0.4516129032258064,0.5641025641025641,0.1911764705882353,0.6081081081081084,0.3006465067778936,0.24778761061946902,0.5333333333333332,0.4550502227803763
0.4776119402985074,0.7741935483870968,0.2564102564102564,0.14705882352941177,0.4975429975429977,0.5871115745568302,0.39823008849557523,0.3333333333333333,0.41702886925192817
0.4776119402985074,0.7741935483870968,0.5897435897435898,0.6911764705882353,0.47542997542997556,0.7033993743482795,0.7256637168141593,0.6666666666666667,0.7267473874601253
0.3582089552238806,0.4677419354838709,0.7948717948717948,0.47058823529411764,0.38697788697788704,0.5559124087591238,0.42477876106194695,0.5333333333333332,0.6178163153923106
0.059701492537313425,0.5806451612903225,0.5128205128205128,0.36764705882352944,0.2542997542997544,0.3687174139728884,0.42477876106194695,0.36666666666666664,0.44309581835991263
0.5373134328358209,0.7096774193548386,0.641025641025641,0.6323529411764706,0.7297297297297299,0.7005630865484879,0.654867256637168,0.7666666666666666,0.8481025768300574
0.5373134328358209,0.6451612903225806,0.5897435897435898,0.1323529411764706,0.5085995085995086,0.5275495307612095,0.3185840707964602,0.5333333333333332,0.4783454427218462
0.4776119402985074,0.4838709677419355,0.48717948717948717,0.47058823529411764,0.5417690417690418,0.6410010427528674,0.43362831858407086,0.49999999999999994,0.5326480603238288
0.4776119402985074,0.8387096774193548,0.6153846153846154,0.676470588235294,0.574938574938575,0.6920542231491137,0.7522123893805308,0.6000000000000001,0.7888320049662614
0.26865671641791045,0.29032258064516125,0.48717948717948717,0.36764705882352944,0.40356265356265364,0.622565172054223,0.26548672566371684,0.5333333333333332,0.5580654515279047
0.3582089552238806,0.6451612903225806,0.358974358974359,0.4117647058823529,0.4312039312039313,0.6126381647549534,0.4867256637168142,0.7,0.5936409127536881
0.4776119402985074,0.7096774193548386,0.41025641025641024,0.47058823529411764,0.785012285012285,0.7232533889468195,0.5575221238938053,0.3333333333333333,0.7207934593115966
0.3582089552238806,0.6774193548387096,0.6666666666666666,0.5441176470588235,0.7960687960687963,0.7969968717413972,0.584070796460177,0.6333333333333333,0.7998448677996259
0.059701492537313425,0.29032258064516125,0.0,0.6290225608315615,0.0,0.0,0.25663716814159293,0.6000000000000001,0.0
0.29850746268656714,0.4193548387096774,0.3717948717948718,0.1911764705882353,0.17690417690417698,0.360208550573514,0.2300884955752212,0.49999999999999994,0.3564105176331166
0.3582089552238806,0.7741935483870968,0.4230769230769231,0.676470588235294,0.6965601965601967,0.6381647549530759,0.7168141592920354,0.6333333333333333,0.7052040696177968
0.417910447761194,0.5806451612903225,0.23076923076923075,0.5,0.5196560196560198,0.7090719499478627,0.5044247787610618,0.6666666666666667,0.5932516011761013
0.4776119402985074,0.6774193548387096,0.6153846153846154,0.47058823529411764,0.6081081081081084,0.43395203336809185,0.5398230088495575,0.49999999999999994,0.5514894711847538
0.17910447761194026,0.0,0.3333333333333333,0.1911764705882353,0.08845208845208846,0.360208550573514,0.0,0.4666666666666666,0.27769129348031096
0.29850746268656714,0.5806451612903225,0.5641025641025641,0.47058823529411764,0.552825552825553,0.643837330552659,0.4867256637168142,0.6000000000000001,0.5999524151229347
0.4776119402985074,0.6129032258064515,0.48717948717948717,0.24999999999999997,0.6965601965601967,0.6920542231491137,0.3716814159292035,0.5333333333333332,0.6053266075526653
0.0,0.5,0.3076923076923077,0.3529411764705882,0.3095823095823097,0.09359749739311787,0.3716814159292035,0.49999999999999994,0.32282181494730045
0.4776119402985074,0.5161290322580645,0.3846153846153846,0.48529411764705876,0.6302211302211304,0.4906777893639208,0.46017699115044247,0.5833333333333333,0.5278176346084449
0.5373134328358209,0.4193548387096774,0.5128205128205128,0.5147058823529411,0.7186732186732187,0.6608550573514074,0.42477876106194695,0.8,0.7671617376964581
0.2388059701492537,0.7903225806451613,0.0,0.6290225608315615,0.5085995085995086,0.6977267987486963,0.8053097345132743,0.6666666666666667,0.7316412878892466
0.4776119402985074,0.7741935483870968,0.6025641025641025,0.3529411764705882,0.8845208845208846,0.8367049009384777,0.5221238938053097,0.4666666666666666,0.7723560851039339
0.29850746268656714,0.5,0.3717948717948718,0.5588235294117647,0.7628992628992631,0.6410010427528674,0.4955752212389381,0.5333333333333332,0.6780897877331515
0.11940298507462686,0.7419354838709677,0.0,0.6290225608315615,0.8292383292383295,0.13330552659019818,0.7522123893805308,0.5333333333333332,0.5507447012102404
0.3582089552238806,0.5806451612903225,0.5256410256410257,0.38235294117647056,0.5085995085995086,0.6353284671532848,0.43362831858407086,0.6000000000000001,0.5733099619437354
0.29850746268656714,0.7419354838709677,0.5256410256410257,0.676470588235294,0.4975429975429977,0.6041293013555786,0.6991150442477876,0.6333333333333333,0.6096386564391976
0.29850746268656714,0.8387096774193548,0.4358974358974359,0.5735294117647058,0.624692874692875,0.6410010427528674,0.6902654867256637,0.8666666666666667,0.7134875197604715
